idx,song,genre
0,02 - Lazing on a sunday afternoon.mp3,1
1,03 - One Year Of Love.mp3,1
2,08 - Stone Cold Crazy.mp3,1
3,07 - In The Lap Of The GodsRevisited.mp3,1
4,04 - Man On The Prowl.mp3,1
5,05 - Machines (or 'Back To Humans').mp3,1
6,01 Love Me Do.mp3,1
7,10 - Misfire.mp3,1
8,11 - My Melancholy Blues.mp3,1
9,03 - It's A Hard Life.mp3,1
10,09 - Princes Of The Universe.mp3,1
11,12 - Don't stop me now.mp3,1
12,15 Yellow Submarine.mp3,1
13,10 - Fun it.mp3,1
14,02 - Killer Queen.mp3,1
15,08 - Sleeping On The Sidewalk.mp3,1
16,07 I Feel Fine.mp3,1
17,01 - Death on two legs (Dedicated to).mp3,1
18,05 - Friends Will Be Friends.mp3,1
19,05 - Lily Of The Valley.mp3,1
20,05 - '39.mp3,1
21,08 - In only seven days.mp3,1
22,03 - I'm in love with my car.mp3,1
23,03 - Jealousy.mp3,1
24,05 - Spread Your Wings.mp3,1
25,11 - Bohemian Rhapsody.mp3,1
26,12 - She Makes Me.mp3,1
27,01 - Radio Ga Ga.mp3,1
28,04 - Pain Is So Close To Pleasure.mp3,1
29,03 - Sheer Heart Attack.mp3,1
30,09 - Love of my life.mp3,1
31,"04 - All Dead, All Dead.mp3",1
32,09 - Dear Friends.mp3,1
33,06 - Now I'm Here.mp3,1
34,02 - A Kind Of Magic.mp3,1
35,06 - Rock It (Prime Jive).mp3,1
36,03 - Tenement Funster.mp3,1
37,09 - Coming Soon.mp3,1
38,01 - Mustapha.mp3,1
39,04 - You're my best friend.mp3,1
40,02 - We Are The Champions.mp3,1
41,08 - Hammer To Fall.mp3,1
42,07 - Don't Try Suicide.mp3,1
43,10 - Save Me.mp3,1
44,02 - Dragon Attack.mp3,1
45,13 - In The Lap Of The Gods.mp3,1
46,04 - Flick Of The Wrist.mp3,1
47,09 - Dreamer's ball.mp3,1
48,02 - Tear It Up.mp3,1
49,09 - Who Needs You.mp3,1
50,12 Day Tripper.mp3,1
51,06 - Who Wants To Live Forever.mp3,1
52,01 - We Will Rock You.mp3,1
53,10 - Good company.mp3,1
54,21 Hey Jude.mp3,1
55,09 - Is This The World We Created .mp3,1
56,12 - Forever.mp3,1
57,12 - God save The Queen.mp3,1
58,11 - Friends Will Be Friends Will Be Friends.mp3,1
59,06 - Sweet lady.mp3,1
60,08 - The prophet's song.mp3,1
61,"07 - Get Down, Make Love.mp3",1
62,05 - If you can't beat them.mp3,1
63,05 - Crazy Little Thing Called Love.mp3,1
64,01 - One Vision.mp3,1
65,03 - Another One Bites The Dust.mp3,1
66,11 - Bring Back That Leroy Brown.mp3,1
67,24 Something.mp3,1
68,13 - More of that jazz.mp3,1
69,06 - I Want To Break Free.mp3,1
70,10 - It's Late.mp3,1
71,08 - Don't Lose Your Head.mp3,1
72,06 - Let me entertain you.mp3,1
73,08 - Sail Away Sweet Sister.mp3,1
74,01 - Brighton Rock.mp3,1
75,04 - Need Your Loving Tonight.mp3,1
76,07 - Dead on time.mp3,1
77,04 - Bicycle race.mp3,1
78,07 - Gimme The Prize.mp3,1
79,07 - Keep Passing The Open Windows.mp3,1
80,02 - Fat bottomed girls.mp3,1
81,11 - Leaving home ain't easy.mp3,1
82,01 - Play The Game.mp3,1
83,10 - A Kind Of  'A Kind Of Magic'.mp3,1
84,06 - Fight From The Inside.mp3,1
85,07 - Seaside rendezvous.mp3,1
86,The Mountain (Three Days Grace).mp3,1
87,I've Been Loving You Too Long(Otis Redding).mp3,2
88,How Much Can A Man Take (Big John Hamilton).mp3,2
89,Only you (The Platters).mp3,2
90,Jack knife (Jack Jones).mp3,2
91,Cry To Me (Solomon Burke).mp3,2
92,The Boardwalk (The Drifters).mp3,2
93,You Keep Running Away (The Four Tops ).mp3,2
94,Rock & roll music (Archies).mp3,2
95,Cry baby cry -( Van & Titus).mp3,2
96,Man's Man's man's wolrd (James Brown).mp3,2
97,Gimme some lovin'(Steve Winwood).mp3,2
98,Leaving Here (Eddie Holland).mp3,2
99,Let's Do the twist (Chubby Checker).mp3,2
100,Think(Aretha Franklin).mp3,2
101,(Love Is Like A) Heat Wave (Martha Reeves & The Vandellas).mp3,2
102,When a man loves a woman (Percy Sledge).mp3,2
103,The Way You Do The Things You Do (The Temptations).mp3,2
104,I Can't Take It (Carla Thomas).mp3,2
105,Twisting the Night Away(Sam Cooke).mp3,2
106,On broadway(The Drifters).mp3,2
107,My Baby Just Cares For Me (Nina Simone).mp3,2
108,Tell Laura I love her ( Ritchie Valance).mp3,2
109,How Sweet It Is (To Be Loved By You)(Marvin Gaye).mp3,2
110,Baby i can't stand it (Bobby Womack).mp3,2
111,Hit The Road Jack (Ray Charles).mp3,2
112,Rescue me(Diana Ross & the Supremes).mp3,2
113,Walk Away Renee (The Four Tops ).mp3,2
114,I need love(Little Richard).mp3,2
115,Keep on running(Steve Winwood).mp3,2
116,Unchain My Heart (Ray Charles).mp3,2
117,U keep me hagin'on (Diana Ross & The Supremes).mp3,2
118,I don't know why I love you but I do (Giuliano Plama& Bluebeaters).mp3,2
119,I'll Let Nothing Separate us (Otis Redding).mp3,2
120,Mad About The Boy ( Dinah Washington).mp3,2
121,Smoke gets in your eyes (The Platters).mp3,2
122,Do you Love Me (The Contours).mp3,2
123,What will tomorrow bring (Wendy Rene).mp3,2
124,Where did our love go(Diana Ross & The Supremes).mp3,2
125,Reach Out I´ll Be There (The Four Tops).mp3,2
126,This Old Heart Of Mine (Is Weak 4 You)(The Isley Brothers).mp3,2
127,Stand By Me ( Otis Redding).mp3,2
128,Aint No Sunshine When She'S Gone (Al Green).mp3,2
129,The Letter (The Box Tops).mp3,2
130,Little darling I need you(Marvin Gaye).mp3,2
131,Fa-Fa-Fa-Fa-Fa (Sad Song)(Otis Redding).mp3,2
132,Signed Sealed delivered I'm yours(Stevie Wonders).mp3,2
133,Sitting On The Dock Of The Bay(Otis Redding).mp3,2
134,With a little help from my friends (Joe Cocker).mp3,2
135,Slip away (Clarence Carter).mp3,2
136,Sweets For My Sweet (The Drifters).mp3,2
137,Rock Around the clock (Bill Halley& His Comets).mp3,2
138,You Really Got A Hold On Me (Smokey Robinson & The Miracle).mp3,2
139,Crazy (Patsy Cline).mp3,2
140,(It's the way) Nature Planned It (Four Tops).mp3,2
141,Uptihigt(every things's allright Stevie Wonders)).mp3,2
142,I'm hanging up my heart for you (Solomon Burke).MP3,2
143,Tried so hard to please her (The Knight brothers).mp3,2
144,Money (That's What I want) (Barrett Strong).mp3,2
145,"I Can´t Help Myself (Sugar Pie, Honey Bunch (The Four Tops).mp3",2
146,I Say A Little Prayer For You(Aretha Franklin).mp3,2
147,Everybody Loves To Cha Cha Cha (Sam Cooke).mp3,2
148,Ain't no mountain high(Marvin Gaye).mp3,2
149,Don't Give Up On Me (Solomon Burke).mp3,2
150,Ain´t Nothing Like The Real Thing (Marvin Gaye & Tammi Terrell).mp3,2
151,Chain Gang (Sam Cooke).mp3,2
152,Happy Times (The Box Tops).mp3,2
153,Me and Mrs Jones(Marvin Gaye).mp3,2
154,There Ain't No Sunshine When She's Gone(Otis Redding).mp3,2
155,Walking the dog( Rufus Thomas).mp3,2
156,What Becomes Of The Brokenhearted(Jimmy Ruffin).mp3,2
157,Dancing in the street (Martha & the Vandellas).mp3,2
158,Stop in the name of love(Diana Ross & The Supremes).mp3,2
159,Fever (Peggy Lee).mp3,2
160,Roll over Bethobeen (Chuck Berry).mp3,2
161,When I Fall in Love (Nat King Cole).mp3,2
162,Johnny B Goode (Chuck Berry).mp3,2
163,Chain Of Fools(Aretha Franklin).mp3,2
164,Let's Go Get Stoned (Ray Charles).mp3,2
165,Nowhere To Run (Martha Reeves & The Vandellas).mp3,2
166,Soul man(Sam & Dave).mp3,2
167,This Magic Moment (The Platters).mp3,2
168,My guy( Mary Wells).mp3,2
169,Unchained Melody (Righteous Brothers).mp3,2
170,Baby I Need Your Loving (The Four Tops).mp3,2
171,He Was Really Saying Somethin'(The Velvelettes).mp3,2
172,Please please please(James Brown).mp3,2
173,Papas Got A Brand New Bag (James Brown).mp3,2
174,Hallelujah I Love Her So (Ray Charles).mp3,2
175,I Just Want To Make Love To You (Etta James).MP3,2
176,Jimmy Mack (Martha Reeves & The Vandellas).mp3,2
177,My Girl (The Temptations).mp3,2
178,Land of thousand lands(Little Richard).mp3,2
179,Hold on I'm coming (Sam and Dave).mp3,2
180,Don't decive me(Little Richard).mp3,2
181,It´s A Shame (The Spinners).mp3,2
182,The tracks of my tears (Smonkey Robinson).mp3,2
183,She`s got you (Patsy Cline).mp3,2
184,It´s The Same Old Song (The Four Tops).mp3,2
185,Baby love(Diana Ross& The Supremes).mp3,2
186,It´s all right(Curtis Mayfield& The Impressions).mp3,2
187,Lets Get It On(Marvin Gaye).mp3,2
188,Save the last dance for me (The Drifters).mp3,2
189,Thunder.mp3,2
190,I heard it through the grapevine(Marvin Gaye).mp3,2
191,If You Need Me (Solomon Burke).mp3,2
192,Respect(Aretha Franklin).mp3,2
193,I'm just a gigolo ( Louis Armstrong).mp3,2
194,For once in my live(Stevie Wonder).mp3,2
195,Knock On wood (Otis Redding).mp3,2
196,Needle In A Haystack (The Velvelettes).mp3,2
197,It Takes Two (Kim Weston & Marvin Gaye).mp3,2
198,Stand by me (BEKing).mp3,2
199,Thats how strong my love is(Otis Redding).mp3,2
200,Jingle Bell Rock.mp3,2
201,If you don't know me by now (Harold Melvin & the Blue Notes).mp3,2
202,Georgia (Ray Charles)).mp3,2
203,My cherie amour(Stevie Wonder).mp3,2
204,Please Mr Postman (The Marvelettes).mp3,2
205,You can't hurry love(Diana Ross & The Supremes).mp3,2
206,What A Wonderful World This Would Be 1960 (Sam Cooke).mp3,2
207,01 - Take The 'A' Train.mp3,3
208,04 All Blues.mp3,3
209,03 Black Comedy.mp3,3
210,04 Milestones.mp3,3
211,"06 Straight, No Chaser.mp3",3
212,05 Flamenco Sketches.mp3,3
213,12 Weirdo.mp3,3
214,05 Black Comedy [-][Alternate Take].mp3,3
215,06 Country Son [-][Alternate Take].mp3,3
216,06 Prends Garde à Ta Langue.mp3,3
217,05 Billy Boy.mp3,3
218,11 - My Little Brown Book.mp3,3
219,09 J'aime à Nouveau.mp3,3
220,10 Dans Ma Rue.mp3,3
221,"06 Flamenco Sketches (Alternate Take, Bonus Track Not On Original Lp).mp3",3
222,02 Paraphernalia.mp3,3
223,08 Full Nelson.mp3,3
224,08 - Raincheck.mp3,3
225,11 Éblouie par la nuit.mp3,3
226,04 - Satin Doll.mp3,3
227,01 Dr Jackle.mp3,3
228,01 Les Passants.mp3,3
229,13 Somethin' Else.mp3,3
230,07 Ni Oui Ni Non.mp3,3
231,05 Backyard Ritual.mp3,3
232,03 Blue In Green.mp3,3
233,13 - Tuning Notes.mp3,3
234,05 Donna.mp3,3
235,14 Autumn Leaves.mp3,3
236,01 Tutu.mp3,3
237,03 Portia.mp3,3
238,08 Port Coton.mp3,3
239,08 Enigma.mp3,3
240,12 - Blood Count.mp3,3
241,03 Budo.mp3,3
242,03 Two Bass Hit.mp3,3
243,01 Move.mp3,3
244,06 - Isfahan.mp3,3
245,04 La Fee.mp3,3
246,05 - Lush Life.mp3,3
247,02 Tomaas.mp3,3
248,07 Don't Lose Your Mind.mp3,3
249,02 Godchild.mp3,3
250,07 Tempus Fugit.mp3,3
251,01 Stuff.mp3,3
252,11 It Never Entered My Mind.mp3,3
253,09 - Johnny Come Lately.mp3,3
254,04 Dear Old Stockholm.mp3,3
255,10 - A Flower Is A Lovesome Thing.mp3,3
256,02 Sid's Ahead.mp3,3
257,03 Le Long de la Route.mp3,3
258,06 Yesterdays.mp3,3
259,01 So What.mp3,3
260,10 Well You Needn't.mp3,3
261,04 Splatch.mp3,3
262,05 Trop Sensible.mp3,3
263,02 - UMMG.mp3,3
264,02 Freddie Freeloader.mp3,3
265,04 Country Son.mp3,3
266,06 Perfect Way.mp3,3
267,09 CTA.mp3,3
268,02 Je Veux.mp3,3
269,07 - Drawing Room Blues.mp3,3
270,03 - Chelsea Bridge.mp3,3
271,13 Heaven Ait't Hard 2 Find.mp3,4
272,01 - Nas - The Genesis - Illmatic.mp3,4
273,11_-_nas_-_suspect_-_osm.mp3,4
274,08 Check Out Time.mp3,4
275,19-My Dads gone crazy.mp3,4
276,10-2pac-it_aint_easy-rec.mp3,4
277,08 Heartz of Men.mp3,4
278,14-2pac-death_around_the_corner-rec.mp3,4
279,14 What'z Ya Phone No.mp3,4
280,09_-_nas_-_the_set_up_(feat_havoc)_-_osm.mp3,4
281,13 I Ain't Mad at Cha.mp3,4
282,20-Curtains close.mp3,4
283,Eminem - I'm Back.mp3,4
284,05_-_nas_-_watch_dem_niggas_(feat_foxy_brown)_-_osm.mp3,4
285,05 When We Ride.mp3,4
286,03 Holla at Me.mp3,4
287,Paul  Bunyan  Rosenburg - Paul (Skit).mp3,4
288,18-Till i collapse.mp3,4
289,11 Tradin War Stories.mp3,4
290,10_-_nas_-_black_girl_lost_(feat_jojo_hailey)_-_osm.mp3,4
291,14-Hailies song.mp3,4
292,03 - Nas - Life's a Bitch - Illmatic.mp3,4
293,09 - Nas - Represent - Illmatic.mp3,4
294,05-Square Dance.mp3,4
295,Eminem & Steve Berman - Steve Berman (Skit).mp3,4
296,Eminem - The Way I Am.mp3,4
297,Eminem - Drug Ballad.mp3,4
298,13-2pac-fuck_the_world-rec.mp3,4
299,08 - Nas - One Time 4 Your Mind - Illmatic.mp3,4
300,07 - Nas - One Love - Illmatic.mp3,4
301,06 2 of Amerikaz Most Wanted.mp3,4
302,07-2pac-heavy_in_the_game-rec.mp3,4
303,Eminem - Remember Me .mp3,4
304,04-Cleanin out my closet.mp3,4
305,13_-_nas_-_live_nigga_rap_(feat_mobb_deep)_-_osm.mp3,4
306,12-2pac-old_school-rec.mp3,4
307,09-2pac-dear_mama-rec.mp3,4
308,07 Picture Me Rollin'.mp3,4
309,12-Sing for the moment.mp3,4
310,16-When the music stops.mp3,4
311,02_-_nas_-_the_message_-_osm.mp3,4
312,02 Shorty Wanna Be a Thug.mp3,4
313,01 Ambitionz Az a Ridah.mp3,4
314,05 - Nas - Halftime - Illmatic.mp3,4
315,06_-_nas_-_take_it_in_blood_-_osm.mp3,4
316,05-2pac-temptations-rec.mp3,4
317,Eminem - Criminal.mp3,4
318,Eminem - Stan.mp3,4
319,04_-_nas_-_i_gave_you_power_-_osm.mp3,4
320,03 Skandalouz.mp3,4
321,15-2pac-outlaw-rec.mp3,4
322,17-Say what u say.mp3,4
323,Eminem - Ken Kaniff (Skit).mp3,4
324,Eminem - Kill You.mp3,4
325,15-Steve Berman.mp3,4
326,04 Wonda Why They Call U B____.mp3,4
327,11-2pac-can_u_get_away-rec.mp3,4
328,01 Can't C Me.mp3,4
329,05 How Do You Want It.mp3,4
330,Eminem - Amityville.mp3,4
331,10 Only God Can Judge Me.mp3,4
332,07 No More Pain.mp3,4
333,02-White America.mp3,4
334,12 Ain't Hard 2 Find.mp3,4
335,06-The kiss.mp3,4
336,04 Got My Mind Made Up.mp3,4
337,08-2pac-lord_knows-rec.mp3,4
338,10 - Nas - It Ain't Hard to Tell - Illmatic.mp3,4
339,09 Life Goes On.mp3,4
340,07_-_nas_-_nas_is_coming_(feat_dr_dre)_-_osm.mp3,4
341,01-Curtains up.mp3,4
342,02 - Nas - NY State of Mind - Illmatic.mp3,4
343,Eminem - Bitch Please II.mp3,4
344,03-2pac-me_against_the_world-rec.mp3,4
345,Eminem - Public Service Announcement 2000.mp3,4
346,02 All About U.mp3,4
347,03-Business.mp3,4
348,14_-_nas_-_if_i_ruled_the_world_(imagine_that)_(feat_lauryn_hill)_-_osm.mp3,4
349,Eminem - Kim.mp3,4
350,07-Soldier.mp3,4
351,10 All Eyez on Me.mp3,4
352,11 Run tha Streetz.mp3,4
353,06 - Nas - Memory Lane (Sittin' in da Park) - Illmatic.mp3,4
354,08-Say goodbye Hollywood.mp3,4
355,Eminem - Under The Influence.mp3,4
356,02-2pac-if_i_die_2nite-rec.mp3,4
357,Eminem - Who Knew.mp3,4
358,08_-_nas_-_affirmative_action_(feat_the_firm)_-_osm.mp3,4
359,13-Superman.mp3,4
360,04 - Nas - The World Is Yours - Illmatic.mp3,4
361,09 Ratha Be Ya N____.mp3,4
362,09-Drips.mp3,4
363,11-Paul Rosenberg.mp3,4
364,03_-_nas_-_street_dreams_-_osm.mp3,4
365,Eminem - Marshall Mathers.mp3,4
366,06-2pac-young_niggaz-rec.mp3,4
367,10-Without me.mp3,4
368,04-2pac-so_many_tears-rec.mp3,4
369,06 Thug Passoin.mp3,4
370,12_-_nas_-_shootouts_-_osm.mp3,4
371,Eminem - The Real Slim Shady.mp3,4
372,"06 - Revolution, Revulotions.mp3",5
373,06 - Partners In Crime I.mp3,5
374,08 - Music For Supermarkets Part VI.mp3,5
375,08 - Chatterbox.mp3,5
376,04 - Fourth Rendez-Vous.mp3,5
377,01 - Intro To Side A.mp3,5
378,07 - Intro To Side B.mp3,5
379,02 - Diva.mp3,5
380,"05 - Ok, Do It Fast.mp3",5
381,09 - In The Mood For You.mp3,5
382,03 - Beautiful Agony.mp3,5
383,02 - Le Pays de Rose.mp3,5
384,11 - La Perquisition et les Paysans.mp3,5
385,01 - Industrial Revolution - Overture.mp3,5
386,15 - La Verite.mp3,5
387,05 - Zoolookologie.mp3,5
388,01 - First Rendez-Vous.mp3,5
389,06 - Le Juge.mp3,5
390,02 - Music For Supermarkets Part I.mp3,5
391,01 - Fresh News.mp3,5
392,13 - Les Granges Brulees.mp3,5
393,09 - Music For Supermarkets Part VII.mp3,5
394,10 - Hesitation.mp3,5
395,16 - Generique.mp3,5
396,02 - Second Rendez-Vous.mp3,5
397,11 - Vintage.mp3,5
398,13 - Teo & Tea  4-00 Am.mp3,5
399,02 - Industrial Revolution - Part I.mp3,5
400,05 - Music For Supermarkets Part IV.mp3,5
401,03 - Music For Supermarkets Part II.mp3,5
402,08 - Computer Weekend.mp3,5
403,09 - Rose.mp3,5
404,08 - Theme de L'Argent.mp3,5
405,04 - Music For Supermarkets Part III.mp3,5
406,03 - Industrial Revolution - Part II.mp3,5
407,01 - La Chanson des Granges Brulees.mp3,5
408,02 - Teo & Tea.mp3,5
409,01 - Ethnicolor.mp3,5
410,14 - Descente au Village.mp3,5
411,06 - Music For Supermarkets Part V.mp3,5
412,12 - Melancholic Rodeo.mp3,5
413,05 - London Kid.mp3,5
414,10 - Music For Supermarkets Part VIII.mp3,5
415,10 - Gossip.mp3,5
416,07 - Tokyo Kid.mp3,5
417,05 - Fifth Rendez-Vous.mp3,5
418,04 - Wooloomooloo.mp3,5
419,07 - Le Car - Le Chasse Neige.mp3,5
420,04 - Industrial Revolution - Part III.mp3,5
421,07 - Partners In Crime II.mp3,5
422,12 - Reconstitution.mp3,5
423,05 - Zig-Zag.mp3,5
424,06 - Blah-Blah Cafe.mp3,5
425,03 - Zoolook.mp3,5
426,06 - Last Rendez-Vous (Ron's Piece).mp3,5
427,09 - September.mp3,5
428,07 - Ethnicolor II.mp3,5
429,04 - Touch To Remember.mp3,5
430,03 - Third Rendez-Vous.mp3,5
431,10 - The Emigrant.mp3,5
432,04 - Une Morte dans la Neige.mp3,5
433,03 - L'Helicoptere.mp3,5
434,04 Świat Niegodziwy.mp3,6
435,12 Wierzę W Ciebie.mp3,6
436,05 Bob Marley & The Wailers - Want More.mp3,6
437,16 TXT feat Olamonola i Midmike  Budzisz sie rano.mp3,6
438,17 Satisfy My Soul Jah-Jah.mp3,6
439,05 Jestem Każdym.mp3,6
440,10 Bob Marley & The Wailers - Waiting In Vain.mp3,6
441,14 Blades.mp3,6
442,04 Nice Time-Dubb.mp3,6
443,01 Wiadomość.mp3,6
444,06 Bob Marley & The Wailers - Natty Dread.mp3,6
445,04 Bob Marley & The Wailers - Rebel Music (3 O'clock Roadbl.mp3,6
446,09 Thank You Lord.mp3,6
447,06 Bob Marley & The Wailers - Crazy Baldhead.mp3,6
448,03 Swoją Drogą.mp3,6
449,07 Mellow Mood.mp3,6
450,16 Soul Almighty-Dubb.mp3,6
451,05 Bob Marley & The Wailers - So Much Trouble In The World.mp3,6
452,01 Bob Marley & The Wailers - Is This Love.mp3,6
453,13 Może Doczekamy.mp3,6
454,06 Bob Marley & The Wailers - War.mp3,6
455,09 Bob Marley & The Wailers - Keep On Moving.mp3,6
456,10 Thank You Lord-Dubb.mp3,6
457,08 Mellow Mood-Dubb.mp3,6
458,18 Satisfy My Soul Jah-Jah-Dubb.mp3,6
459,07 Bob Marley & The Wailers - Stir It Up.mp3,6
460,04 Bob Marley & The Wailers - Cry To Me.mp3,6
461,07 Bob Marley & The Wailers - Who The Cap Fit.mp3,6
462,12 Bob Marley & The Wailers - One Drop.mp3,6
463,10 Junior.mp3,6
464,12 Bob Marley & The Wailers - Satisfy My Soul.mp3,6
465,01 Bob Marley & The Wailers - Natural Mystic.mp3,6
466,07 Sample.mp3,6
467,04 Bob Marley & The Wailers - Three Little Birds.mp3,6
468,08 Bob Marley & The Wailers - One Love People Get Ready.mp3,6
469,11 Bob Marley & The Wailers - Redemption Song.mp3,6
470,09 Bob Marley & The Wailers - I Shot The Sheriff.mp3,6
471,07 Bob Marley & The Wailers - Bend Down Low.mp3,6
472,07 Jestem Stąd.mp3,6
473,06 Sample intro.mp3,
474,06 Życie W Mieście.mp3,6
475,03 Bob Marley & The Wailers - Johnny Was.mp3,6
476,08 Bob Marley & The Wailers - Talkin' Blues.mp3,6
477,01 Dub Y she.mp3,6
478,11 Bob Marley & The Wailers - Who The Cap Fit.mp3,6
479,04 Bob Marley & The Wailers - Crazy Baldheads.mp3,6
480,19 Try Me.mp3,6
481,09 Dar.mp3,6
482,05 Hypocrites.mp3,6
483,03 Dorasta.mp3,6
484,08 Bob Marley & The Wailers - Night Shift.mp3,6
485,02 Bob Marley & The Wailers - No Woman No Cry.mp3,6
486,10 Szukając Szczęscia.mp3,6
487,07 Bob Marley & The Wailers - Africa Unite.mp3,6
488,04 Biba!.mp3,6
489,01 Redder Than Red.mp3,6
490,06 Bob Marley & The Wailers - Get Up Stand Up.mp3,6
491,20 Try Me-Dubb.mp3,6
492,05 Good sensi.mp3,6
493,08 Do Rana.mp3,6
494,01 Bob Marley & The Wailers - Positive Vibrations.mp3,6
495,11 Muzykalna dzielnica.mp3,6
496,05 Bob Marley & The Wailers - Buffalo Soldier.mp3,6
497,12 Mr Chatterbox-Dubb.mp3,6
498,05 Bob Marley & The Wailers - So Jah Say.mp3,6
499,15 Mafija feat Junior Stress.mp3,6
500,13 Jungleman feat Mr Reggeanerator One Man Army.mp3,6
501,14 My Cup-Dubb.mp3,6
502,02 Do Przodu (Jak Messi).mp3,6
503,13 My Cup.mp3,6
504,11 Mr Chatterbox.mp3,6
505,02 Bob Marley & The Wailers - Easy Skanking.mp3,6
506,01 Bob Marley & The Wailers - Lively Up Yourself.mp3,6
507,"02 Bob Marley & The Wailers - No Woman, No Cry.mp3",6
508,12 Wawele.mp3,6
509,11 Ogień.mp3,6
510,10 Bob Marley & The Wailers - Sun Is Shining.mp3,6
511,03 Bob Marley & The Wailers - Them Belly Full (But We Hungr.mp3,6
512,03 Nice Time.mp3,6
513,15 Soul Almightly.mp3,6
514,03 Bob Marley & The Wailers - Could You Be Loved.mp3,6
515,02 Redder Than Red-Dubb.mp3,6
516,08 Bob Marley & The Wailers - Trenchtown Rock (Live).mp3,6
517,06 Hypocrites-Dubb.mp3,6
518,09 Uwierz Mi.mp3,6
519,08 Obudz w sobie iwa.mp3,6
520,02 Uwierzyc w siebie.mp3,6
521,"02 Bob Marley & The Wailers - Roots, Rock, Reggae.mp3",6
522,03 Bob Marley & The Wailers - Iron Lion Zion.mp3,6
523,sabrina washington - omg.mp3,7
524,Destiny's Child - Say My Name.mp3,7
525,Kopia 13 - Nelly Furtado - All Good Things -.mp3,7
526,rihanna_ft_neyo_-_hate_that_i_love_you.mp3,7
527,Tinie Tempah Swedish House Mafia - Miami 2 Ibiza -NEW ONE-.mp3,7
528,Dev - In The Dark -Album Version-.mp3,7
529,beyonce - Baby_Boy.mp3,7
530,Inna-Sun Is Up.mp3,7
531,Pitbull - Back in Time - Men in Black 3 NEW - YouTube.mp3,7
532,Pitbull - Give Me Everything _Tonight.mp3,7
533,Disco bitch' - c'est pour la petite bourgeoisie.mp3,7
534,gym class heroes - cupid-039- s chokehold.mp3,7
535,rihanna - te amo.mp3,7
536,The Nycer - Losing Control.mp3,7
537,akon - oh africa (feat keri hilson).mp3,7
538,Kesha - We R Who We R.mp3,7
539,Natasha Bedingfield - I Wanna Have Your Babies.mp3,7
540,david guetta feat kid cudi - memories (feat kid cudi) (extended new remix).mp3,7
541,Lady Gaga - Poker Face.mp3,7
542,Justin Timberlake ft TI - My Love.mp3,7
543,one_republic_-_stop_and_stare.mp3,7
544,Wiz Khalifa - Black and Yellow.mp3,7
545,LMFAO ft Natalia Kills - Champagne Showers.mp3,7
546,Amna- tell my why.mp3,7
547,LMFAO - Sexy and I Know It.mp3,7
548,Madonna - Give Me All Your Luvin.mp3,7
549,Da luxe - Groove me.mp3,7
550,the PussyCats Dolls ft Snoop Dogg - Buttons .mp3,7
551,danny_feat_therese_-_if_only_you.mp3,7
552,Pink - So What.mp3,7
553,Rihana ft TI-Live your Life.mp3,7
554,britney_spears_-_radar.mp3,7
555,Flo-Rida - Whistle.mp3,7
556,Shaggy ft Akon - What's Love.mp3,7
557,Beyonce ft Jay-Z - Deja Vu.mp3,7
558,Avril Lavigne - Girlfriend.mp3,7
559,britney spears i wanna go.mp3,7
560,Rihana-Disturbia.mp3,7
561,krol lew 3 - kopcie tunel.mp3,7
562,Morandi - Angels.mp3,7
563,Pussycat_Dolls_-_Hush_Hush_(i_will_survive_version).mp3,7
564,rihanna - s m.mp3,7
565,Bootie Luv - Boogie 2Nite.mp3,7
566,Rihana Pon De Replay.mp3,7
567,Bob Sinclar presents Fireball - What I Want.mp3,7
568,FM ft The Cataracs amp- Dev - Like A G6.mp3,7
569,PINK-stupid girl.mp3,7
570,Jason Derulo - It Girl.mp3,7
571,Mike Candys - 2012 -If The World Would End-.mp3,7
572,David Guetta - Without You -Feat Usher-.mp3,7
573,Outkast - Roses.mp3,7
574,07-Fergie-Glamorous (Feat Ludacris).mp3,7
575,Akon_Feat_David_Guetta__-__Sexy_Bitch_[wwwclub_-_nationeu].mp3,7
576,keri hilson - i like.mp3,7
577,Ne-Yo - Miss Independent.mp3,7
578,Busta Rhymes-I LoveMy Chick.mp3,7
579,Snoop Dogg - Sweat.mp3,7
580,Timati  La La Land Feat Timbaland  Grooya - Not All About The Money -Dj Antoine Vs Mad Mark 2k12 Radio Edit-.mp3,7
581,Mans_Zelmerlow_-_Rewind.mp3,7
582,Bruno Mars   The Lazy Song.mp3,7
583,Black Eyed Peas - The Time.mp3,7
584,Pitbull  -  I Know You Want Me.mp3,7
585,k'naan - wavin' flag (celebration mix).mp3,7
586,Bel-Mondo - The Club Is Mine .mp3,7
587,Rihanna - Whats My Name.mp3,7
588,Flo Rida - Right Round.mp3,7
589,fergie_-_big_girs_don_t_cry.mp3,7
590,Miami Rockers - Good Morning Miami.mp3,7
591,Jessie J - Domino.mp3,7
592,Kid_Cudi_-_Day_n_Nite_(Crookers_First_Remix).mp3,7
593,Nicki Minaj - Starships.mp3,7
594,Jessie J - Price Tag.mp3,7
595,038 LMFAO - Party Rock Anthem -feat Lauren Bennett  GoonRock-.mp3,7
596,Aura Dione-Geronimo.mp3,7
597,Lady Gaga Ft Colby O'Donis - Just Dance .mp3,7
598,Lucky Twice - Lucky.mp3,7
599,PSY - Gangnam Style.mp3,7
600,Afromental-Rock Rollin Love.mp3,7
601,kesha - blah blah blah (feat 3oh!3).mp3,7
602,kat deluna ft akon - push push.mp3,7
603,Enrique Iglesias ftNicole Scherzinger - Heartbeat.mp3,7
604,Don Omar Feat  Lucenzo - Danza Kuduro -Original-.mp3,7
605,pink - funhouse.mp3,7
606,rihanna - rude boy.mp3,7
607,LMFAO - Party Rock - Intro Cut By Hary-.mp3,7
608,DJ Antoine - Welcome To St Tropez DJ Antoine vs Timati feat Kalenna.mp3,7
609,kaye_styles_big_von--_prison_break.mp3,7
610,inna - deja vu.mp3,7
611,timbaland - carry out (feat justin timberlake).mp3,7
612,Bruno Mars Marry You.mp3,7
613,Black_Eyed_Peas___-___I_Gotta_Feeling.mp3,7
614,Maroon 5 Ft Christina Aguilera - Moves Like Ja.mp3,7
615,katy perry - california gurls feat snoop dogg.mp3,7
616,akon amp- michael jackson-hold my hand.mp3,7
617,heardbroken.mp3,7
618,lady gaga - paparazzi.mp3,7
619,Britney_Spears_-_If_you_seek_amy.mp3,7
620,Rihanna - Who--s That Chick -feat David Guetta-.mp3,7
621,02)  The Pussycat Dolls - Beep (Feat WillIAm).mp3,7
622,cascada_-_what_hurts_the_most.mp3,7
623,Inna - Un Momento.mp3,7
624,Far East Movement - Live My Life -feat Justin Bie.mp3,7
625,Black Eyed Peas -  Boom Boom Pow.mp3,7
626,02  Britney Spears - Piece Of Me.mp3,7
627,Britney Spears - Hold It Against Me.mp3,7
628,monrose - even heaven cries.mp3,7
629,Umbrella - Rihanna feat Jay Z.mp3,7
630,taio cruz - break your heart.mp3,7
631,Alexandra Stan feat Carlprit - Million - Official Video.mp3,7
632,Pink  -  Please Don ` t Leave Me.mp3,7
633,energy_2000_-_lala_girl.mp3,7
634,Jessica Simpson - A Public Affair.mp3,7
635,Rihanna - We ride.mp3,7
636,One-T feat Cool-T - The magic key.mp3,7
637,Carly Rae Jepsen -  Call Me Maybe2.mp3,7
638,Beyonce & Shakira - Beautiful Liar.Mp3,7
639,rahanna.mp3,7
640,Gwen Stefani - The Sweet Escape - 02 - ftAkon.mp3,7
641,06)  The Pussycat Dolls - I Don't Need A Man.mp3,7
642,Timbaland & Keri Hilson - The Way I Are -.mp3,7
643,Beyonce - Run The World -Girls-.mp3,7
644,Flo Rida  -  Sugar.mp3,7
645,Black Eyed Peas - Lets Get Retarded[wwwargon-softcom].mp3,7
646,Sean Paul ftkeiha Cole-Give it up To Me.mp3,7
647,Willow Smith -  Whip My Hair.mp3,7
648,Flo Rida - Good Feeling.mp3,7
649,like_this_like_that.mp3,7
650,Sam And The Womp - Bom Bom.mp3,7
651,Pussycat Dolls - I Don't Need A Man.mp3,7
652,_flo_rida_ft_timbaland_-_elevator[Wkretkapl].mp3,7
653,Cassie - Me & You.mp3,7
654,Rihanna - Only Girl -In The World-.mp3,7
654,black eyed peas - rock that body.mp3,7
656,02-nicole_scherzinger_feat_ti-whatever_u_like-main.mp3,7
657,Lil' Wayne ft Static Major - Lollipop.mp3,7
658,chipmunk feat esmee denters - until you were gone.mp3,7
659,alexandra burke feat flo rida - bad boys.mp3,7
660,madonna_feat_justin_timberlake_timbaland-4_minutes.mp3,7
661,Britney Spears - Circus.mp3,7
662,Alexandra Stan - Get Back.mp3,7
663,F_ck You - Ceelo -Recreated-.mp3,7
664,Pitbull - Rain Over Me ft  Marc Anthony.mp3,7
665,Beyonce - Naughty Girl  .mp3,7
666,inna - 10 minutes (original version).mp3,7
667,Timbaland ft Nelly Furtado & Justin Timberlake - Give It To Me.mp3,7
668,Kat Deluna - In The End.mp3,7
669,Ne-Yo - Closer.mp3,7
670,Sak Noel - Paso.mp3,7
671,204  Beyonce  -  Sweet Dreams.mp3,7
672,Foster The People - Pumped Up Kicks.mp3,7
673,Pitbull  -  Hotel Room.mp3,7
674,Alesha Dixon- The Boy Does Nothing.mp3,7
675,rihanna ft lil mama - umbrella remix.mp3,7
676,beyonce feat lady gaga - video phone (original edit).mp3,7
677,afromental - radio song.mp3,7
678,calvin harris - bounce ft kelis.mp3,7
679,the ian carey project - get shaky.mp3,7
680,Destiny's Child - Lose my breath.mp3,7
681,21 Swedish House Mafia - Save The World.mp3,7
682,David Guetta - Turn Me On -Feat  Nicki Minaj-.mp3,7
683,britney_spears_-_gimme_more.mp3,7
684,08 - Matt Pokora - They Talk Shit About Me (Ft Verbz).mp3,7
685,Holly Dolly-dolly song.mp3,7
686,william - Scream  Shout -Ft Britney Spears-.mp3,7
687,Kelly Clarkson - My Life Would Suck Without You(1).mp3,7
688,Bombs Away - Swagger.mp3,7
689,101-ian_carey-redlight_(radio_edit).mp3,7
690,Gym Class Heroes - Stereo Hearts.mp3,7
691,Pussycat_Dolls_-_Jai_Ho.mp3,7
692,will_i_am_-_i_got_it_from_my_mama.mp3,7
693,Alesha Dixon - Breathe Slow.mp3,7
694,Katy Perry - Hot N Cold.mp3,7
695,N - Dubz - Strong Again.mp3,7
696,cherish_-_killa_[Wkretkapl].mp3,7
697,Rhianna - Shut Up & Drive.mp3,7
698,Fergie - London Bridge (Oh Shit).mp3,7
699,Black Eyed Peas Don-039-t Stop The Party.mp3,7
700,beyonce - single ladies (put a ring on it) (dave aude radio edit).mp3,7
701,107_special_d_-_here_i_am.mp3,7
702,beautyful girls.mp3,7
703,Oceana__-__Cry_cry_cry.mp3,7
704,Asaf Avidan - One Day - Reckoning Song.mp3,7
705,outkast - hey ya.mp3,7
706,chiddy bang - the opposite of adults.mp3,7
707,Beyonce- Ring The Alarm.mp3,7
708,Pussycat_Dolls_ft_Missy_Elliot_-_Whatcha_Think_About_That.mp3,7
709,Keri Hilson  -  Knock You Down (new).mp3,7
710,Black Eyed Peas - Imma Be.mp3,7
711,08-Nelly Furtado-Say It Right.mp3,7
712,01)  The Pussycat Dolls - Don't Cha (Feat Busta Rhymes).mp3,7
713,Kimera_-_Apologize[wwwmusicislife2luapl].mp3,7
714,mariah_carey_-_touch_my_body.mp3,7
715,JENIFER LOPEZ - ON THE FLOOR.mp3,7
716,timbaland_-_scream.mp3,7
717,16_Tinchy_Stryder_Ft_Dappy_(of_N_dubz)_-_Number_One.mp3,7
718,Wet Fingers - Turn Me On.mp3,7
719,Bob Sinclar - Rock This Party.mp3,7
720,01 - Painkiller.mp3,8
721,03 - Highland Tears.mp3,8
722,04 - Let Your Heads Roll.mp3,8
723,04 - Hit the Lights.mp3,8
724,02 - Ocean of Blood.mp3,8
725,05 - The Number Of The Beast.mp3,8
726,02 - God Of Terror.mp3,8
727,03 - Losfer Words (Big 'Orra).mp3,8
728,06 - Back In The Village.mp3,8
729,06 - Run To The Hills.mp3,8
730,09 - Phantom Lord.mp3,8
731,"12 - MAMA, I'M COMING HOME.mp3",8
732,08 - The Rage.mp3,8
733,05 - Jump In The Fire.mp3,8
734,01 - Aces High.mp3,8
735,11 - Drifter.mp3,8
736,10 - The End.mp3,8
737,11 - Home At Last.mp3,8
738,06 - Leper Messiah.mp3,8
739,03 - The Thing That Should Not Be.mp3,8
740,09 - Warriors Revenge.mp3,8
741,10 - CRAZY BABIES.mp3,8
742,09 - Purgatory.mp3,8
743,06 - Paradise.mp3,8
744,03 - Metal Gods.mp3,8
745,08 - Damage Inc.mp3,8
746,01 - Breaking The Law.mp3,8
747,06 - Death Angel & The Grave Digger.mp3,8
748,14 - I JUST WANT YOU.mp3,8
749,05 - MR CROWLEY.mp3,8
750,05 - United.mp3,8
751,09 - Playin' Fools.mp3,8
752,02 - Children Of The Damned.mp3,8
753,05 - Love Is Breaking My Heart.mp3,8
754,02 - WAR PIGS.mp3,8
755,08 - Shadowland.mp3,8
756,02 - Am I Evil.mp3,8
757,07 - Motorbreath.mp3,8
758,04 - Leather Rebel.mp3,8
759,06 - OVER THE MOUNTAIN.mp3,8
760,01 - Invaders.mp3,8
761,04 - Grinder.mp3,8
762,04 - CRAZY TRAIN.mp3,8
763,01 - The Ides Of March.mp3,8
764,04 - Another Life.mp3,8
765,08 - Call Of The Sirens.mp3,8
766,01 - (Anesthesia) Pulling Teeth.mp3,8
767,01 - Battery.mp3,8
768,03 - Murders In The Rue Morgue.mp3,8
769,06 - Night Crawler.mp3,8
770,05 - Disposable Heroes.mp3,8
771,01 - Liberty or Death.mp3,8
772,07 - PARANOID.mp3,8
773,07 - Walls Of Sorrow.mp3,8
774,10 - Massada.mp3,8
775,06 - Living After Midnight.mp3,8
776,06 - March of the Innocent.mp3,8
777,05 - The Duellists.mp3,8
778,13 - I DON'T WANT TO CHANGE THE WORLD (Live).mp3,8
779,04 - Welcome Home Sanitarium.mp3,8
780,12 - Whiplash.mp3,8
781,03 - All Guns Blazing.mp3,8
782,10 - Twilight Zone.mp3,8
783,10 - Seek and Destroy.mp3,8
784,09 - SHOT IN THE DARK.mp3,8
785,09 - Forecourt to Hell.mp3,8
786,05 - Genghis Khan.mp3,8
787,03 - The Prisoner.mp3,8
788,04 - The Terrible One.mp3,8
789,09 - Battle Hymn.mp3,8
790,02 - Wrathchild.mp3,8
791,07 - Killers.mp3,8
792,17 - FAIRIES WEAR BOOTS.mp3,8
793,03 - GOODBYE TO ROMANCE.mp3,8
794,04 - 22 Acacia Avenue.mp3,8
795,07 - (Enola Gay) Drop the Bomb.mp3,8
796,07 - Gangland.mp3,8
797,08 - Fallout.mp3,8
798,04 - Medusa.mp3,8
799,08 - Hallowed Be Thy Name.mp3,8
800,08 - BARK AT THE MOON.mp3,8
801,02 - Master Of Puppets.mp3,8
802,08 - Rime Of The Ancient Mariner.mp3,8
803,01 - BLACK SABBATH.mp3,8
804,11 - The Four Horsemen.mp3,8
805,02 - 2 Minutes To Midnight.mp3,8
806,02 - Rapid Fire.mp3,8
807,16 - BEHIND THE WALL OF SLEEP.mp3,8
808,10 - One Shot At Glory.mp3,8
809,08 - No Remorse.mp3,8
810,07 - Orion.mp3,8
811,08 - Prodigal Son.mp3,8
812,03 - Blitzkrieg.mp3,8
813,04 - Flash Of The Blade.mp3,8
814,01 - Charon.mp3,8
815,02 - Heaven Can Wait.mp3,8
816,05 - Metal Meltdown.mp3,8
817,05 - Until the Last King Died.mp3,8
818,11 - NO MORE TEARS (Edit).mp3,8
819,02 - Hell Patrol.mp3,8
820,03 - Fire in Your Eyes.mp3,8
821,08 - A Touch Of Evil.mp3,8
822,07 - Powerslave.mp3,8
803,07 - Between The Hammer & The Anvil.mp3,8
824,05 - Clash Of The Gods.mp3,8
825,06 - Innocent Exile.mp3,8
826,03 - Hell Dog.mp3,8
827,15 - BACK ON EARTH.mp3,8
828,10 - With The Wind.mp3,8
829,01 - Keep On Rocking.mp3,8
830,07 - Silent Revolution.mp3,8
831,09 - Total Eclipse.mp3,8
832,07 - You Don't Have To Be Old T.mp3,8
833,06 - Metal Militia.mp3,8
834,16 Bizet - Habanera.mp3,9
835,03 Beethoven - Fur Elise.mp3,9
836,13 Lullaby - Iogannes Brahms.mp3,9
837,"02 Mozart - Rondo Alla Turca, from Piano Sonata in A.mp3",9
838,13 Paganini - Caprices № 24.mp3,9
839,14 Franz Schubert - Symphony № 8 I Allegro moderato.mp3,9
840,15 Wagner - Lohengin - Prelude to Act 3.mp3,9
841,"10 Beethoven - Klaviersonate N17, For Piano in D-minor,  Allegretto.mp3",9
842,01 Grieg - Morning Mood.mp3,9
843,17 Paganini - Concerto 2 op7 - 3 Rondo.mp3,9
844,"17 Iogannes Brahms - Violin Concerto in D major Op77, Part 3.mp3",9
845,01 Mahler - Symphony No 5 - Adagietto.mp3,9
846,10 Tchaikovsky - Dance of the little swans.mp3,9
847,16 Rachmaninov - Prelude in C sharp minor.mp3,9
848,"10 Tchaikovsky - Swan Lake, Finale (Act IV).mp3",9
849,08 Glinka - Ivan Susanin - Cracovienne.mp3,9
850,06 Glinka - Overture To The Opera ruslan And Ludmila.mp3,9
851,"11 Tchaikovsky - The Sleeping Beauty, Valse (Act I).mp3",9
852,"12 Mozart - Symphony No40, III Menuetto Allegretto - Trio.mp3",9
853,01 Mozart - The Magic Flute - Overture.mp3,9
854,08 Mozart - Requiem - Lacrimosa.mp3,9
855,09 Grieg - At The Hall Of Mountain - king.mp3,9
856,"07 Tchaikovsky - The Nutcracker, Marche (Act I).mp3",9
857,07 Wagner - Ride of the Valkyries.mp3,9
858,"11 Chopin - Polonaise in A, 'Military'.mp3",9
859,18 Rodrigo - Concierto de Aranjuez (Adagio - excerpt).mp3,9
860,03 Boccherini - Menuetto.mp3,9
861,08 Rossini - Overture - The Barber of Seville.mp3,9
862,12 Glinka - Waltz Fantasia.mp3,9
863,13 Mussorgsky - The Gnome.mp3,9
864,09 Iogannes Brahms - Symphony No3 - Poco Allergetto.mp3,9
865,02 Orff - Carmina Burana - Fortuna imperatrix mundi - O Fortuna.mp3,9
866,"03 Rachmaninov - Concerto No2 in C minor, op18 Moderato.mp3",9
867,20 Prokofiev - Cinderella - Waltz.mp3,9
868,04 Glinka - Ruslan and Ludmila - Chernomor's March.mp3,9
869,01 R Strauss - Also sprach Zarathustra - Fanfare.mp3,9
870,"16 Strauss - Tritsch, tratsch-polka.mp3",9
871,13 Tchaikovsky - The Nutcracker - Dance of the Sugar - Plum Fairy.mp3,9
872,01 Beethoven - Moonlight  Sonata.mp3,9
873,02 Tchaikovsky - The Nutcracker - Dance of the reed pipes.mp3,9
874,05 Shchedrin - Carmen Suite - Torero.mp3,9
875,11 Tchaikovsky - The Nutcracker - Ouverture miniature.mp3,9
876,14 Ravel - Bolero.mp3,9
877,05 Liszt - Liebestraum No3 in A flat.mp3,9
878,"02 Mozart - Eine Kleine Nachtmusik, 1st movement.mp3",9
879,11 Vivaldi - Concerto №4 Winter Allegro.mp3,9
880,18 Rossini - Tarantella.mp3,9
881,10 Strauss - Radetzky march.mp3,9
882,11 Verdi - La Traviata - Libiamo Ne' Lieti Calici.mp3,9
883,09 Liszt - Hungarian Rhapsody No 2.mp3,9
884,10 Rossini - Il Barbiere Di Siviglia - Largo al Factotum.mp3,9
885,08 Chopin - Waltz in a Flat Major.mp3,9
886,10 Shchedrin - Carmen Suite - Dance.mp3,9
887,11 Rimsky-Korsakov - The Flight of the Bumblebee.mp3,9
888,06 Oginsky - Polonias.mp3,9
889,04 Brahms - Hungarian Dances №1 in G minor.mp3,9
890,"02 Tchaikovsky - Piano Concerto No 1 in B flat minor, 1st movement.mp3",9
891,07 Borodin - Polovetzer Tanze.mp3,9
892,03 Prokofiev - Dance of the Knights and Juliet's dance.mp3,9
893,14 Albinoni - Adagio.mp3,9
894,12 Charles Gounod - Faust - Le Veau D'Or Est Toujours Debout.mp3,9
895,04 Chopin - Waltz in C sharp minor.mp3,9
896,03 Strauss - Hunting Polka.mp3,9
897,15 Saint - Saens - Carnival Of The Animals.mp3,9
898,06 Vivaldi - Concerto №2 Summer Presto.mp3,9
899,06 Strauss - Die fledermaus.mp3,9
900,12 Strauss - Wals 'The Blue Danube'.mp3,9
901,01 Bach - Toccata in D minor.mp3,9
902,15 Schubert - Ave Maria.mp3,9
903,19 Brams - Hungarian Dances №5.mp3,9
904,"04 Beethoven - Symphony N5, Allegro Con Brio.mp3",9
905,09 Bach - Air (from Orchestral Suite No 3 in D).mp3,9
906,04 Tchaikovsky - Swan Lake - Scene (Act II).mp3,9
907,"08 Sviridov - Time, Forward!.mp3",9
908,"03 Tchaikovsky - Polonaise, from 'Eugene Onegin'.mp3",9
909,"17 Tchaikovsky - The Nutcracker, Waltz of the flowers (Act II).mp3",9
910,12 Bach - Badinerie.mp3,9
911,15 Rossini - William Tell (Overture finale).mp3,9
912,"14 Grieg - Piano Concerto in A minor, op16 (excerpt).mp3",9
913,16 Dmitri Shostakovich - Jazz Suite №2.mp3,9
914,07 Khachaturian - Sable Dance.mp3,9
915,"05 Bach - Brandenburg Concerto No 3, 1st movement.mp3",9
916,04 Strauss - The voices of springtime.mp3,9
917,06 Strauss - Persian march.mp3,9
918,05 Mozart - Symphony No40 - I Molto Allegro.mp3,9
919,14 Bizet - Carmen-Suite.mp3,9
920,07 Dvorak - Humoresque.mp3,9
921,09 Glinka - Ivan Susanin - Polonaise.mp3,9
922,12 Shumann - Traumerel.mp3,9
923,13 Debussy - Arabesque No1 in E-minor.mp3,9
924,06 Mendelssohn - Wedding Marsh.mp3,9
925,13 Rimsky-Korsakov - Sheherazade - The Sea and Sinbad's Ship.mp3,9
926,05 Mussorgsky - Promenade.mp3,9
927,14 Verdi - Nabucco - Overture.mp3,9
928,02 Vivaldi - Concerto №1 Spring Allegro.mp3,9
929,17 Grieg - Solvejg's Song.mp3,9
